{
  "pages": [
    {
      "id": "hd44780",
      "label": "HD44780 LCD",
      "elements": [
        {
          "id": "i2cAddress",
          "type": "text",
          "label": "I2C Address",
          "value": "0x27"
        },
        {
          "id": "cols",
          "type": "text",
          "label": "Columns",
          "value": "16"
        },
        {
          "id": "rows",
          "type": "text",
          "label": "Rows",
          "value": "2"
        }
      ]
    }
  ]
}
