{
  "page": {
    "label": "HD44780 I2C LCD",
    "sections": [
      {
        "id": "general",
        "element": "section",
        "label": "General Settings",
        "content": [
          {
            "id": "i2cAddress",
            "element": "input",
            "type": "text",
            "label": "I2C Address",
            "value": "0x27"
          },
          {
            "id": "rows",
            "element": "input",
            "type": "number",
            "label": "Rows",
            "value": 2
          },
          {
            "id": "cols",
            "element": "input",
            "type": "number",
            "label": "Columns",
            "value": 16
          }
        ]
      }
    ]
  }
}
